{"train_loss": [0.0331464484333992, 0.011667224578559399, 0.008657130412757397, 0.007448751945048571, 0.006435079500079155, 0.006139850709587336, 0.005652887746691704, 0.005518652033060789, 0.005023461766541004, 0.004521404858678579], "val_loss": [0.004512832034379244, 0.0028874678537249565, 0.00248839077539742, 0.002314012497663498, 0.0020344657823443413, 0.0018191811395809054, 0.0018211145652458072, 0.0018289926229044795, 0.0018868012120947242, 0.0021943352185189724], "train_acc": [0.9896044135093689, 0.9972323775291443, 0.9979578256607056, 0.9981974363327026, 0.998419463634491, 0.9984920024871826, 0.9986239075660706, 0.9987623691558838, 0.9988591074943542, 0.9989096522331238], "val_acc": [0.998892068862915, 0.9992877840995789, 0.9993932843208313, 0.9993317127227783, 0.9994636178016663, 0.9995867013931274, 0.999472439289093, 0.999472439289093, 0.999472439289093, 0.9993492960929871], "auc": 0.9999849804601242}